{
  "project_info": {
    "project_number": "474797793554",
    "project_id": "proyecto1-9e1a2",
    "storage_bucket": "proyecto1-9e1a2.firebasestorage.app"
  },
  "client": [
    {
      "client_info": {
        "mobilesdk_app_id": "1:474797793554:android:3ac88b6e9f0abd769553cb",
        "android_client_info": {
          "package_name": "com.example.crud"
        }
      },
      "oauth_client": [],
      "api_key": [
        {
          "current_key": "AIzaSyB7Avmqti0oGXIKK7GVkE4UcntU6YqvWVU"
        }
      ],
      "services": {
        "appinvite_service": {
          "other_platform_oauth_client": []
        }
      }
    }
  ],
  "configuration_version": "1"
}